Name,Email,IPAddress,Location,Active,LastLogin
Anna Müller,anna.mueller@example.com,192.168.10.1,Berlin,true,2026-01-06 08:12:45
Max Schmidt,max.schmidt@example.com,192.168.10.2,Hamburg,false,2026-01-09 19:44:10
Laura Weber,laura.weber@example.com,192.168.10.3,München,true,2026-01-07 09:03:22
Jonas Fischer,jonas.fischer@example.com,192.168.10.4,Köln,true,2026-01-07 21:55:01
Sophie Becker,sophie.becker@example.com,192.168.10.5,Frankfurt,false,2026-01-06 14:27:36
Lukas Hoffmann,lukas.hoffmann@example.com,192.168.10.6,Stuttgart,true,2026-01-08 10:11:09
Marie Klein,marie.klein@example.com,192.168.10.7,Düsseldorf,true,2026-01-06 07:59:58
Tim Wagner,tim.wagner@example.com,192.168.10.8,Leipzig,false,2026-01-07 16:42:17
Julia Neumann,julia.neumann@example.com,192.168.10.9,Dresden,true,2026-01-08 18:06:44
Felix Braun,felix.braun@example.com,192.168.10.10,Nürnberg,true,2026-01-06 22:31:50
Katharina Roth,katharina.roth@example.com,192.168.10.11,Augsburg,false,2026-01-07 11:14:03
Daniel König,daniel.koenig@example.com,192.168.10.12,Regensburg,true,2026-01-08 08:47:26
Lisa Schmitt,lisa.schmitt@example.com,192.168.10.13,Mainz,true,2026-01-06 12:05:19
Paul Hartmann,paul.hartmann@example.com,192.168.10.14,Wiesbaden,false,2026-01-08 20:18:41
Nina Wolf,nina.wolf@example.com,192.168.10.15,Trier,true,2026-01-07 06:33:57
Sebastian Lange,sebastian.lange@example.com,192.168.10.16,Koblenz,false,2026-01-06 17:46:08
Theresa Brandt,theresa.brandt@example.com,192.168.10.17,Ulm,true,2026-01-08 13:29:14
Moritz Peters,moritz.peters@example.com,192.168.10.18,Heidelberg,true,2026-01-07 23:52:09
Clara Busch,clara.busch@example.com,192.168.10.19,Heilbronn,false,2026-01-06 09:41:33
Jan Becker,jan.becker@example.com,192.168.10.20,Karlsruhe,true,2026-01-08 16:04:55
Hannah Meier,hannah.meier@example.com,192.168.10.21,Freiburg,true,2026-01-07 10:56:02
Florian Schulte,florian.schulte@example.com,192.168.10.22,Offenburg,false,2026-01-06 18:22:49
Miriam Vogel,miriam.vogel@example.com,192.168.10.23,Konstanz,true,2026-01-08 07:15:38
Oliver Frank,oliver.frank@example.com,192.168.10.24,Friedrichshafen,true,2026-01-06 23:08:27
Sarah Winter,sarah.winter@example.com,192.168.10.25,Ravensburg,false,2026-01-07 14:39:11
Benjamin Scholz,benjamin.scholz@example.com,192.168.10.26,Passau,true,2026-01-08 19:51:06
Eva Sommer,eva.sommer@example.com,192.168.10.27,Landshut,true,2026-01-06 06:24:40
Leon Krause,leon.krause@example.com,192.168.10.28,Rosenheim,false,2026-01-07 20:17:52
Johanna Berger,johanna.berger@example.com,192.168.10.29,Traunstein,true,2026-01-08 11:58:35
Tobias Arnold,tobias.arnold@example.com,192.168.10.30,Ingolstadt,true,2026-01-06 15:12:21
Melanie Schreiber,melanie.schreiber@example.com,192.168.10.31,Bayreuth,false,2026-01-07 08:44:16
Andreas Fuchs,andreas.fuchs@example.com,192.168.10.32,Bamberg,true,2026-01-08 22:09:03
Verena Kühn,verena.kuehn@example.com,192.168.10.33,Weimar,true,2026-01-06 11:37:54
Stefan Lorenz,stefan.lorenz@example.com,192.168.10.34,Erfurt,false,2026-01-07 18:26:29
Annika Jansen,annika.jansen@example.com,192.168.10.35,Jena,true,2026-01-08 09:05:47
Christian Voigt,christian.voigt@example.com,192.168.10.36,Gera,true,2026-01-06 20:48:13
Katrin Albrecht,katrin.albrecht@example.com,192.168.10.37,Chemnitz,false,2026-01-07 07:32:58
Philipp Dietz,philipp.dietz@example.com,192.168.10.38,Zwickau,true,2026-01-08 14:41:20
Sabrina Henkel,sabrina.henkel@example.com,192.168.10.39,Plauen,true,2026-01-06 16:19:06
Martin Seidel,martin.seidel@example.com,192.168.10.40,Halle,false,2026-01-07 22:53:42
Isabel Krüger,isabel.krueger@example.com,192.168.10.41,Magdeburg,true,2026-01-08 06:57:11
Robert Thiel,robert.thiel@example.com,192.168.10.42,Stendal,false,2026-01-06 13:08:34
Franziska Opitz,franziska.opitz@example.com,192.168.10.43,Wernigerode,true,2026-01-07 12:46:18
Patrick Reimann,patrick.reimann@example.com,192.168.10.44,Quedlinburg,true,2026-01-08 21:34:09
Carolin Engel,carolin.engel@example.com,192.168.10.45,Goslar,false,2026-01-06 10:29:57
Dennis Kübler,dennis.kuebler@example.com,192.168.10.46,Braunschweig,true,2026-01-07 19:15:44
Silke Maurer,silke.maurer@example.com,192.168.10.47,Wolfsburg,true,2026-01-08 12:03:26
Alexander Böttcher,alexander.boettcher@example.com,192.168.10.48,Salzgitter,false,2026-01-06 21:56:08
Ulrike Haase,ulrike.haase@example.com,192.168.10.49,Peine,true,2026-01-07 15:28:51
Marco Lenz,marco.lenz@example.com,192.168.10.50,Celle,true,2026-01-08 17:49:33